Front;Back
"<img src=""https://inaturalist-open-data.s3.amazonaws.com/photos/7578142/medium.jpg""><br>What is the scientific name of this plant?";Abies concolor
"<img src=""https://static.inaturalist.org/photos/86547995/medium.jpg""><br>What is the scientific name of this plant?";Abies magnifica
"<img src=""https://inaturalist-open-data.s3.amazonaws.com/photos/53608231/medium.jpg""><br>What is the genus of this plant?";Abronia spp.
"<img src=""https://static.inaturalist.org/photos/12773260/medium.jpg""><br>What is the scientific name of this plant?";Acacia dealbata
"<img src=""https://inaturalist-open-data.s3.amazonaws.com/photos/50770885/medium.jpg""><br>What is the scientific name of this plant?";Acer glabrum
"<img src=""https://inaturalist-open-data.s3.amazonaws.com/photos/105744044/medium.jpeg""><br>What is the scientific name of this plant?";Acer macrophyllum
What is the scientific name of this plant?;Acer negundo
"<img src=""https://static.inaturalist.org/photos/19971995/medium.jpeg""><br>What is the scientific name of this plant?";Achillea millefolium
"<img src=""https://inaturalist-open-data.s3.amazonaws.com/photos/37302458/medium.jpg""><br>What is the scientific name of this plant?";Achyrachaena mollis
"<img src=""https://static.inaturalist.org/photos/699816/medium.jpg""><br>What is the genus of this plant?";Acmispon spp.
"<img src=""https://inaturalist-open-data.s3.amazonaws.com/photos/142187743/medium.jpg""><br>What is the scientific name of this plant?";Aconitum columbianum
"<img src=""https://inaturalist-open-data.s3.amazonaws.com/photos/20754314/medium.jpg""><br>What is the scientific name of this plant?";Acourtia microcephala
"<img src=""https://static.inaturalist.org/photos/74777472/medium.jpg""><br>What is the scientific name of this plant?";Adenostoma fasciculatum
"<img src=""https://inaturalist-open-data.s3.amazonaws.com/photos/76874/medium.jpg""><br>What is the scientific name of this plant?";Adiantum aleuticum
"<img src=""https://inaturalist-open-data.s3.amazonaws.com/photos/10294/medium.jpg""><br>What is the scientific name of this plant?";Adiantum jordanii
"<img src=""https://inaturalist-open-data.s3.amazonaws.com/photos/60392406/medium.jpeg""><br>What is the genus of this plant?";Aegilops spp.
"<img src=""https://inaturalist-open-data.s3.amazonaws.com/photos/72460428/medium.jpg""><br>What is the scientific name of this plant?";Aesculus californica
"<img src=""https://inaturalist-open-data.s3.amazonaws.com/photos/5723327/medium.jpg""><br>What is the scientific name of this plant?";Agave deserti
"<img src=""https://inaturalist-open-data.s3.amazonaws.com/photos/437609/medium.jpg""><br>What is the scientific name of this plant?";Agoseris retrorsa
"<img src=""https://inaturalist-open-data.s3.amazonaws.com/photos/222942510/medium.jpg""><br>What is the scientific name of this plant?";Ailanthus altissima
"<img src=""https://inaturalist-open-data.s3.amazonaws.com/photos/99841/medium.jpg""><br>What is the scientific name of this plant?";Allenrolfea occidentalis
"<img src=""https://inaturalist-open-data.s3.amazonaws.com/photos/13632/medium.jpg""><br>What is the genus of this plant?";Allium spp.
"<img src=""https://static.inaturalist.org/photos/177275/medium.jpg""><br>What is the scientific name of this plant?";Allophyllum glutinosum
"<img src=""https://inaturalist-open-data.s3.amazonaws.com/photos/55405328/medium.jpeg""><br>What is the scientific name of this plant?";Alnus rhombifolia
"<img src=""https://static.inaturalist.org/photos/20308837/medium.jpg""><br>What is the genus of this plant?";Amaranthus spp.
"<img src=""https://inaturalist-open-data.s3.amazonaws.com/photos/25386149/medium.jpg""><br>What is the scientific name of this plant?";Ambrosia acanthicarpa
"<img src=""https://inaturalist-open-data.s3.amazonaws.com/photos/43337/medium.jpg""><br>What is the scientific name of this plant?";Ambrosia chamissonis
"<img src=""https://inaturalist-open-data.s3.amazonaws.com/photos/303178849/medium.jpg""><br>What is the scientific name of this plant?";Ambrosia psilostachya var. californica
"<img src=""https://inaturalist-open-data.s3.amazonaws.com/photos/14278186/medium.jpg""><br>What is the scientific name of this plant?";Ambrosia salsola
"<img src=""https://static.inaturalist.org/photos/23583014/medium.jpg""><br>What is the scientific name of this plant?";Ammophila arenaria
"<img src=""https://inaturalist-open-data.s3.amazonaws.com/photos/18747/medium.jpg""><br>What is the scientific name of this plant?";Amorpha californica
"<img src=""https://inaturalist-open-data.s3.amazonaws.com/photos/259439469/medium.jpg""><br>What is the genus of this plant?";Amsinckia spp.
"<img src=""https://inaturalist-open-data.s3.amazonaws.com/photos/14904/medium.jpg""><br>What is the scientific name of this plant?";Anemopsis californica
"<img src=""https://inaturalist-open-data.s3.amazonaws.com/photos/41440/medium.jpg""><br>What is the scientific name of this plant?";Antirrhinum multiflorum
"<img src=""https://inaturalist-open-data.s3.amazonaws.com/photos/258622/medium.jpg""><br>What is the scientific name of this plant?";Apiastrum angustifolium
"<img src=""https://inaturalist-open-data.s3.amazonaws.com/photos/5647843/medium.jpeg""><br>What is the scientific name of this plant?";Apium graveolens
"<img src=""https://inaturalist-open-data.s3.amazonaws.com/photos/375675/medium.jpg""><br>What is the scientific name of this plant?";Apocynum androsaemifolium
"<img src=""https://static.inaturalist.org/photos/106225/medium.jpg""><br>What is the scientific name of this plant?";Apocynum cannabinum
"<img src=""https://inaturalist-open-data.s3.amazonaws.com/photos/3342/medium.jpg""><br>What is the scientific name of this plant?";Aquilegia formosa
"<img src=""https://inaturalist-open-data.s3.amazonaws.com/photos/9248407/medium.jpeg""><br>What is the scientific name of this plant?";Arbutus menziesii
"<img src=""https://inaturalist-open-data.s3.amazonaws.com/photos/9166/medium.jpg""><br>What is the scientific name of this plant?";Arceuthobium campylopodum
"<img src=""https://inaturalist-open-data.s3.amazonaws.com/photos/22868101/medium.jpeg""><br>What is the genus of this plant?";Arctostaphylos spp.
"<img src=""https://inaturalist-open-data.s3.amazonaws.com/photos/12925/medium.jpg""><br>What is the scientific name of this plant?";Argemone munita
"<img src=""https://inaturalist-open-data.s3.amazonaws.com/photos/121001827/medium.jpg""><br>What is the scientific name of this plant?";Artemisia californica
"<img src=""https://inaturalist-open-data.s3.amazonaws.com/photos/5232/medium.jpg""><br>What is the scientific name of this plant?";Artemisia douglasiana
"<img src=""https://inaturalist-open-data.s3.amazonaws.com/photos/84568291/medium.jpg""><br>What is the scientific name of this plant?";Artemisia dracunculus
"<img src=""https://inaturalist-open-data.s3.amazonaws.com/photos/110262286/medium.jpg""><br>What is the scientific name of this plant?";Artemisia tridentata
"<img src=""https://static.inaturalist.org/photos/170782767/medium.jpeg""><br>What is the scientific name of this plant?";Arundo donax
"<img src=""https://static.inaturalist.org/photos/40111/medium.jpg""><br>What is the genus of this plant?";Asclepias spp.
"<img src=""https://inaturalist-open-data.s3.amazonaws.com/photos/19662/medium.jpg""><br>What is the scientific name of this plant?";Aspidotis densa
"<img src=""https://inaturalist-open-data.s3.amazonaws.com/photos/64913462/medium.jpg""><br>What is the genus of this plant?";Astragalus ssp.
"<img src=""https://static.inaturalist.org/photos/2071508/medium.jpg""><br>What is the scientific name of this plant?";Athyrium filix-femina
"<img src=""https://static.inaturalist.org/photos/260799030/medium.jpg""><br>What is the scientific name of this plant?";Athysanus pusillus
"<img src=""https://static.inaturalist.org/photos/177555300/medium.jpg""><br>What is the scientific name of this plant?";Atriplex canescens
"<img src=""https://static.inaturalist.org/photos/475172/medium.jpg""><br>What is the scientific name of this plant?";Atriplex semibaccata
"<img src=""https://inaturalist-open-data.s3.amazonaws.com/photos/11796/medium.jpg""><br>What is the genus of this plant?";Avena spp.
"<img src=""https://inaturalist-open-data.s3.amazonaws.com/photos/228231241/medium.jpg""><br>What is the scientific name of this plant?";Azolla filiculoides
"<img src=""https://inaturalist-open-data.s3.amazonaws.com/photos/5362069/medium.jpg""><br>What is the scientific name of this plant?";Baccharis pilularis
"<img src=""https://inaturalist-open-data.s3.amazonaws.com/photos/19943/medium.jpg""><br>What is the scientific name of this plant?";Baccharis salicifolia
"<img src=""https://static.inaturalist.org/photos/8500245/medium.jpg""><br>What is the scientific name of this plant?";Barbarea orthoceras
"<img src=""https://inaturalist-open-data.s3.amazonaws.com/photos/185681998/medium.jpg""><br>What is the scientific name of this plant?";Berberis aquifolium
"<img src=""https://inaturalist-open-data.s3.amazonaws.com/photos/23476/medium.jpg""><br>What is the scientific name of this plant?";Blennosperma nanum
"<img src=""https://static.inaturalist.org/photos/38868283/medium.jpeg""><br>What is the scientific name of this plant?";Bloomeria crocea
"<img src=""https://inaturalist-open-data.s3.amazonaws.com/photos/64427045/medium.jpg""><br>What is the genus of this plant?";Boechera spp.
"<img src=""https://static.inaturalist.org/photos/2117457/medium.jpg""><br>What is the scientific name of this plant?";Bolboschoenus maritimus var. paludosus
"<img src=""https://inaturalist-open-data.s3.amazonaws.com/photos/3683818/medium.JPG""><br>What is the scientific name of this plant?";Brassica nigra *
"<img src=""https://static.inaturalist.org/photos/79161957/medium.jpg""><br>What is the scientific name of this plant?";Brickellia californica
"<img src=""https://static.inaturalist.org/photos/44632280/medium.jpg""><br>What is the genus of this plant?";Briza spp.
"<img src=""https://inaturalist-open-data.s3.amazonaws.com/photos/2641/medium.jpg""><br>What is the genus of this plant?";Brodiaea spp.
"<img src=""https://inaturalist-open-data.s3.amazonaws.com/photos/11796/medium.jpg""><br>What is the scientific name of this plant?";Bromus carinatus
"<img src=""https://inaturalist-open-data.s3.amazonaws.com/photos/129695288/medium.jpeg""><br>What is the scientific name of this plant?";Bromus diandrus
"<img src=""https://inaturalist-open-data.s3.amazonaws.com/photos/40456567/medium.jpeg""><br>What is the scientific name of this plant?";Bromus hordeaceus
"<img src=""https://inaturalist-open-data.s3.amazonaws.com/photos/14487752/medium.jpg""><br>What is the genus of this plant?";Bromus madritensis ssp. rubens
"<img src=""https://inaturalist-open-data.s3.amazonaws.com/photos/70313319/medium.jpeg""><br>What is the scientific name of this plant?";Bromus tectorum
"<img src=""https://static.inaturalist.org/photos/35287617/medium.jpg""><br>What is the scientific name of this plant?";Cakile maritima
"<img src=""https://inaturalist-open-data.s3.amazonaws.com/photos/277489/medium.jpg""><br>What is the scientific name of this plant?";Calandrinia ciliata
"<img src=""https://inaturalist-open-data.s3.amazonaws.com/photos/52181671/medium.jpg""><br>What is the scientific name of this plant?";Calocedrus decurrens
"<img src=""https://inaturalist-open-data.s3.amazonaws.com/photos/4752364/medium.jpeg""><br>What is the scientific name of this plant?";Calochortus spp.
"<img src=""https://inaturalist-open-data.s3.amazonaws.com/photos/19424/medium.jpg""><br>What is the scientific name of this plant?";Calycanthus occidentalis
"<img src=""https://inaturalist-open-data.s3.amazonaws.com/photos/127366840/medium.jpg""><br>What is the scientific name of this plant?";Calyptridium monandrum
"<img src=""https://static.inaturalist.org/photos/43058942/medium.jpg""><br>What is the scientific name of this plant?";Calyptridium umbellatum
"<img src=""https://inaturalist-open-data.s3.amazonaws.com/photos/58969509/medium.jpeg""><br>What is the genus of this plant?";Calystegia spp.
"<img src=""https://inaturalist-open-data.s3.amazonaws.com/photos/11554/medium.jpg""><br>What is the scientific name of this plant?";Camissonia campestris
"<img src=""https://inaturalist-open-data.s3.amazonaws.com/photos/11555/medium.jpg""><br>What is the scientific name of this plant?";Camissoniopsis cheiranthifolia
"<img src=""https://static.inaturalist.org/photos/22203129/medium.jpg""><br>What is the scientific name of this plant?";Camissoniopsis hirtella
"<img src=""https://inaturalist-open-data.s3.amazonaws.com/photos/9103381/medium.jpg""><br>What is the scientific name of this plant?";Capsella bursa-pastoris 
"<img src=""https://inaturalist-open-data.s3.amazonaws.com/photos/4287278/medium.jpeg""><br>What is the scientific name of this plant?";Carduus pycnocephalus 
"<img src=""https://inaturalist-open-data.s3.amazonaws.com/photos/18432491/medium.jpeg""><br>What is the genus of this plant?";Carex spp.
"<img src=""https://static.inaturalist.org/photos/10857165/medium.jpg""><br>What is the genus of this plant?";Carpobrotus spp.
"<img src=""https://inaturalist-open-data.s3.amazonaws.com/photos/60595899/medium.jpeg""><br>What is the scientific name of this plant?";Castilleja affinis
What is the scientific name of this plant?;Castilleja applegatei ssp. martinii
"<img src=""https://inaturalist-open-data.s3.amazonaws.com/photos/182011437/medium.jpg""><br>What is the scientific name of this plant?";Castilleja exserta
"<img src=""https://inaturalist-open-data.s3.amazonaws.com/photos/62118988/medium.jpeg""><br>What is the scientific name of this plant?";Castilleja miniata
"<img src=""https://inaturalist-open-data.s3.amazonaws.com/photos/15390/medium.jpg""><br>What is the scientific name of this plant?";Castilleja subinclusa
"<img src=""https://inaturalist-open-data.s3.amazonaws.com/photos/12546/medium.jpg""><br>What is the scientific name of this plant?";Caulanthus inflatus
"<img src=""https://static.inaturalist.org/photos/115875111/medium.jpg""><br>What is the genus of this plant?";Ceanothus spp.
"<img src=""https://inaturalist-open-data.s3.amazonaws.com/photos/206740899/medium.jpg""><br>What is the scientific name of this plant?";Centaurea melitensis
"<img src=""https://inaturalist-open-data.s3.amazonaws.com/photos/4755/medium.jpg""><br>What is the scientific name of this plant?";Centaurea solstitialis
"<img src=""https://inaturalist-open-data.s3.amazonaws.com/photos/40925818/medium.jpeg""><br>What is the scientific name of this plant?";Centromadia pungens
"<img src=""https://static.inaturalist.org/photos/85835738/medium.jpeg""><br>What is the scientific name of this plant?";Cephalanthus occidentalis
"<img src=""https://inaturalist-open-data.s3.amazonaws.com/photos/6099995/medium.jpg""><br>What is the scientific name of this plant?";Cercis occidentalis
"<img src=""https://inaturalist-open-data.s3.amazonaws.com/photos/127572967/medium.jpg""><br>What is the scientific name of this plant?";Cercocarpus betuloides
"<img src=""https://inaturalist-open-data.s3.amazonaws.com/photos/8329323/medium.jpeg""><br>What is the scientific name of this plant?";Cercocarpus ledifolius
"<img src=""https://inaturalist-open-data.s3.amazonaws.com/photos/140039168/medium.jpeg""><br>What is the genus of this plant?";Chaenactis ssp.
"<img src=""https://inaturalist-open-data.s3.amazonaws.com/photos/11250/medium.jpg""><br>What is the scientific name of this plant?";Chamaebatia foliolosa
"<img src=""https://inaturalist-open-data.s3.amazonaws.com/photos/3213000/medium.jpeg""><br>What is the scientific name of this plant?";Euphorbia albomarginata
"<img src=""https://inaturalist-open-data.s3.amazonaws.com/photos/145664133/medium.jpg""><br>What is the scientific name of this plant?";Chamerion angustifolium
"<img src=""https://inaturalist-open-data.s3.amazonaws.com/photos/166877957/medium.jpg""><br>What is the scientific name of this plant?";Chenopodium album
"<img src=""https://inaturalist-open-data.s3.amazonaws.com/photos/116245624/medium.jpeg""><br>What is the scientific name of this plant?";Chenopodium californicum
"<img src=""https://inaturalist-open-data.s3.amazonaws.com/photos/62225834/medium.jpg""><br>What is the scientific name of this plant?";Chenopodium murale
"<img src=""https://inaturalist-open-data.s3.amazonaws.com/photos/370/medium.jpg""><br>What is the scientific name of this plant?";Chlorogalum pomeridianum
"<img src=""https://inaturalist-open-data.s3.amazonaws.com/photos/6053/medium.jpg""><br>What is the scientific name of this plant?";Chrysolepis chrysophylla
"<img src=""https://inaturalist-open-data.s3.amazonaws.com/photos/24325919/medium.jpeg""><br>What is the scientific name of this plant?";Chrysolepis sempervirens
"<img src=""https://inaturalist-open-data.s3.amazonaws.com/photos/21270271/medium.jpeg""><br>What is the scientific name of this plant?";Cirsium arvense
"<img src=""https://static.inaturalist.org/photos/42197035/medium.jpg""><br>What is the scientific name of this plant?";Cirsium occidentale
"<img src=""https://inaturalist-open-data.s3.amazonaws.com/photos/82020683/medium.jpg""><br>What is the scientific name of this plant?";Cirsium vulgare
"<img src=""https://inaturalist-open-data.s3.amazonaws.com/photos/17563453/medium.jpeg""><br>What is the genus of this plant?";Clarkia spp.
"<img src=""https://inaturalist-open-data.s3.amazonaws.com/photos/3884441/medium.jpeg""><br>What is the scientific name of this plant?";Claytonia parviflora
"<img src=""https://inaturalist-open-data.s3.amazonaws.com/photos/182808852/medium.jpeg""><br>What is the scientific name of this plant?";Claytonia perfoliata
"<img src=""https://inaturalist-open-data.s3.amazonaws.com/photos/26659/medium.jpg""><br>What is the scientific name of this plant?";Clematis lasiantha
"<img src=""https://inaturalist-open-data.s3.amazonaws.com/photos/106791785/medium.jpg""><br>What is the scientific name of this plant?";Clematis ligusticifolia
"<img src=""https://inaturalist-open-data.s3.amazonaws.com/photos/852/medium.jpg""><br>What is the scientific name of this plant?";Collinsia heterophylla
"<img src=""https://inaturalist-open-data.s3.amazonaws.com/photos/8208114/medium.jpg""><br>What is the scientific name of this plant?";Collomia grandiflora
"<img src=""https://inaturalist-open-data.s3.amazonaws.com/photos/18903781/medium.jpg""><br>What is the scientific name of this plant?";Conium maculatum
"<img src=""https://inaturalist-open-data.s3.amazonaws.com/photos/147720910/medium.jpeg""><br>What is the scientific name of this plant?";Convolvulus arvensis
"<img src=""https://inaturalist-open-data.s3.amazonaws.com/photos/168890587/medium.jpg""><br>What is the scientific name of this plant?";Erigeron canadensis
"<img src=""https://inaturalist-open-data.s3.amazonaws.com/photos/48756/medium.jpg""><br>What is the scientific name of this plant?";Corallorhiza maculata
"<img src=""https://inaturalist-open-data.s3.amazonaws.com/photos/13044/medium.jpg""><br>What is the scientific name of this plant?";Cordylanthus rigidus
"<img src=""https://static.inaturalist.org/photos/589392/medium.jpg""><br>What is the scientific name of this plant?";Corethrogyne filaginifolia
"<img src=""https://inaturalist-open-data.s3.amazonaws.com/photos/174449734/medium.jpg""><br>What is the scientific name of this plant?";Cornus nuttallii
"<img src=""https://static.inaturalist.org/photos/16633753/medium.jpg""><br>What is the scientific name of this plant?";Cornus sericea
"<img src=""https://inaturalist-open-data.s3.amazonaws.com/photos/2190080/medium.JPG""><br>What is the scientific name of this plant?";Corylus cornuta
"<img src=""https://inaturalist-open-data.s3.amazonaws.com/photos/3193770/medium.JPG""><br>What is the scientific name of this plant?";Crassula connata
"<img src=""https://inaturalist-open-data.s3.amazonaws.com/photos/48737/medium.jpg""><br>What is the scientific name of this plant?";Croton californicus
"<img src=""https://static.inaturalist.org/photos/6720361/medium.jpg""><br>What is the genus of this plant?";Cryptantha spp.
"<img src=""https://inaturalist-open-data.s3.amazonaws.com/photos/44844839/medium.jpeg""><br>What is the scientific name of this plant?";Cucurbita foetidissima
"<img src=""https://inaturalist-open-data.s3.amazonaws.com/photos/6916348/medium.jpg""><br>What is the scientific name of this plant?";Cuscuta californica
"<img src=""https://inaturalist-open-data.s3.amazonaws.com/photos/3032876/medium.JPG""><br>What is the scientific name of this plant?";Cylindropuntia bigelovii
"<img src=""https://inaturalist-open-data.s3.amazonaws.com/photos/303177776/medium.jpg""><br>What is the scientific name of this plant?";Cynara cardunculus
"<img src=""https://inaturalist-open-data.s3.amazonaws.com/photos/121016919/medium.jpg""><br>What is the scientific name of this plant?";Cynodon dactylon
"<img src=""https://inaturalist-open-data.s3.amazonaws.com/photos/28874/medium.jpg""><br>What is the scientific name of this plant?";Cynoglossum grande
"<img src=""https://inaturalist-open-data.s3.amazonaws.com/photos/78081573/medium.jpg""><br>What is the scientific name of this plant?";Cyperus eragrostis
"<img src=""https://inaturalist-open-data.s3.amazonaws.com/photos/188819005/medium.jpg""><br>What is the scientific name of this plant?";Cytisus scoparius
"<img src=""https://static.inaturalist.org/photos/18107850/medium.jpeg""><br>What is the scientific name of this plant?";Darlingtonia californica
"<img src=""https://inaturalist-open-data.s3.amazonaws.com/photos/56222/medium.jpg""><br>What is the scientific name of this plant?";Datisca glomerata
"<img src=""https://inaturalist-open-data.s3.amazonaws.com/photos/52166893/medium.jpg""><br>What is the scientific name of this plant?";Datura wrightii
"<img src=""https://inaturalist-open-data.s3.amazonaws.com/photos/7606922/medium.jpg""><br>What is the scientific name of this plant?";Daucus pusillus
"<img src=""https://inaturalist-open-data.s3.amazonaws.com/photos/12786/medium.jpg""><br>What is the scientific name of this plant?";Deinandra fasciculata
"<img src=""https://inaturalist-open-data.s3.amazonaws.com/photos/3241670/medium.jpg""><br>What is the scientific name of this plant?";Delphinium cardinale
"<img src=""https://inaturalist-open-data.s3.amazonaws.com/photos/96101/medium.jpg""><br>What is the scientific name of this plant?";Delphinium nudicaule
"<img src=""https://inaturalist-open-data.s3.amazonaws.com/photos/3890365/medium.JPG""><br>What is the scientific name of this plant?";Delphinium parishii
"<img src=""https://static.inaturalist.org/photos/33011489/medium.jpg""><br>What is the scientific name of this plant?";Delphinium parryi
"<img src=""https://inaturalist-open-data.s3.amazonaws.com/photos/110212375/medium.jpg""><br>What is the scientific name of this plant?";Dendromecon rigida
"<img src=""https://inaturalist-open-data.s3.amazonaws.com/photos/270693561/medium.jpg""><br>What is the scientific name of this plant?";Dicentra formosa
"<img src=""https://inaturalist-open-data.s3.amazonaws.com/photos/2641/medium.jpg""><br>What is the scientific name of this plant?";Dichelostemma capitatum
"<img src=""https://inaturalist-open-data.s3.amazonaws.com/photos/3808493/medium.jpg""><br>What is the scientific name of this plant?";Diplacus aurantiacus
"<img src=""https://inaturalist-open-data.s3.amazonaws.com/photos/38111468/medium.jpg""><br>What is the scientific name of this plant?";Diplacus calycinus
"<img src=""https://inaturalist-open-data.s3.amazonaws.com/photos/7887111/medium.jpeg""><br>What is the scientific name of this plant?";Diplacus longiflorus
"<img src=""https://static.inaturalist.org/photos/4385824/medium.jpg""><br>What is the genus of this plant?";Dipsacus fullonum
"<img src=""https://static.inaturalist.org/photos/82708827/medium.jpg""><br>What is the genus of this plant?";Dipsacus sativus
"<img src=""https://inaturalist-open-data.s3.amazonaws.com/photos/54208942/medium.jpeg""><br>What is the scientific name of this plant?";Distichlis spicata
"<img src=""https://inaturalist-open-data.s3.amazonaws.com/photos/5179471/medium.jpeg""><br>What is the scientific name of this plant?";Dittrichia graveolens
"<img src=""https://inaturalist-open-data.s3.amazonaws.com/photos/1673068/medium.jpg""><br>What is the scientific name of this plant?";Drymocallis glandulosa
"<img src=""https://inaturalist-open-data.s3.amazonaws.com/photos/19326/medium.jpg""><br>What is the scientific name of this plant?";Dryopteris arguta
"<img src=""https://inaturalist-open-data.s3.amazonaws.com/photos/13968/medium.jpg""><br>What is the scientific name of this plant?";Dudleya cymosa
"<img src=""https://static.inaturalist.org/photos/3798937/medium.jpg""><br>What is the scientific name of this plant?";Dudleya pulverulenta
"<img src=""https://inaturalist-open-data.s3.amazonaws.com/photos/14803/medium.jpg""><br>What is the scientific name of this plant?";Ehrendorferia chrysantha
"<img src=""https://inaturalist-open-data.s3.amazonaws.com/photos/142730/medium.jpg""><br>What is the scientific name of this plant?";Eleocharis macrostachya
"<img src=""https://inaturalist-open-data.s3.amazonaws.com/photos/142726/medium.jpg""><br>What is the scientific name of this plant?";Eleocharis parishii
"<img src=""https://inaturalist-open-data.s3.amazonaws.com/photos/24101478/medium.jpeg""><br>What is the scientific name of this plant?";Elymus caput-medusae
"<img src=""https://inaturalist-open-data.s3.amazonaws.com/photos/66056/medium.jpg""><br>What is the scientific name of this plant?";Elymus condensatus
"<img src=""https://inaturalist-open-data.s3.amazonaws.com/photos/4723335/medium.jpg""><br>What is the scientific name of this plant?";Elymus elymoides
"<img src=""https://inaturalist-open-data.s3.amazonaws.com/photos/11805/medium.jpg""><br>What is the scientific name of this plant?";Elymus glaucus
"<img src=""https://inaturalist-open-data.s3.amazonaws.com/photos/11813/medium.jpg""><br>What is the scientific name of this plant?";Elymus triticoides
"<img src=""https://inaturalist-open-data.s3.amazonaws.com/photos/34464275/medium.jpg""><br>What is the scientific name of this plant?";Emmenanthe penduliflora
"<img src=""https://inaturalist-open-data.s3.amazonaws.com/photos/6773467/medium.jpeg""><br>What is the scientific name of this plant?";Encelia californica
"<img src=""https://inaturalist-open-data.s3.amazonaws.com/photos/18131218/medium.jpg""><br>What is the scientific name of this plant?";Ephedra viridis
"<img src=""https://inaturalist-open-data.s3.amazonaws.com/photos/5301/medium.jpg""><br>What is the scientific name of this plant?";Epilobium canum
"<img src=""https://inaturalist-open-data.s3.amazonaws.com/photos/1235663/medium.""><br>What is the scientific name of this plant?";Epilobium ciliatum
"<img src=""https://inaturalist-open-data.s3.amazonaws.com/photos/200670884/medium.jpeg""><br>What is the scientific name of this plant?";Epipactis gigantea
"<img src=""https://static.inaturalist.org/photos/72881677/medium.jpg""><br>What is the scientific name of this plant?";Equisetum arvense
"<img src=""https://inaturalist-open-data.s3.amazonaws.com/photos/81023667/medium.png""><br>What is the scientific name of this plant?";Equisetum laevigatum
"<img src=""https://inaturalist-open-data.s3.amazonaws.com/photos/13138/medium.jpg""><br>What is the scientific name of this plant?";Eremalche rotundifolia
"<img src=""https://inaturalist-open-data.s3.amazonaws.com/photos/992179/medium.JPG""><br>What is the scientific name of this plant?";Croton setiger
"<img src=""https://inaturalist-open-data.s3.amazonaws.com/photos/51758969/medium.jpeg""><br>What is the scientific name of this plant?";Eremothera boothii ssp.
"<img src=""https://inaturalist-open-data.s3.amazonaws.com/photos/12562722/medium.jpeg""><br>What is the scientific name of this plant?";Eriastrum signatum
"<img src=""https://inaturalist-open-data.s3.amazonaws.com/photos/48713375/medium.jpeg""><br>What is the scientific name of this plant?";Ericameria bloomeri
"<img src=""https://inaturalist-open-data.s3.amazonaws.com/photos/15058371/medium.jpeg""><br>What is the scientific name of this plant?";Ericameria linearifolia
"<img src=""https://inaturalist-open-data.s3.amazonaws.com/photos/12630/medium.jpg""><br>What is the scientific name of this plant?";Ericameria nauseosa
"<img src=""https://inaturalist-open-data.s3.amazonaws.com/photos/125979828/medium.jpg""><br>What is the scientific name of this plant?";Erigeron foliosus
"<img src=""https://inaturalist-open-data.s3.amazonaws.com/photos/144564881/medium.jpg""><br>What is the scientific name of this plant?";Eriodictyon californicum
"<img src=""https://static.inaturalist.org/photos/2051298/medium.jpg""><br>What is the scientific name of this plant?";Eriodictyon crassifolium
"<img src=""https://inaturalist-open-data.s3.amazonaws.com/photos/48707/medium.jpg""><br>What is the scientific name of this plant?";Eriogonum cinereum
"<img src=""https://inaturalist-open-data.s3.amazonaws.com/photos/94384869/medium.jpeg""><br>What is the scientific name of this plant?";Eriogonum elongatum
"<img src=""https://inaturalist-open-data.s3.amazonaws.com/photos/250218073/medium.jpg""><br>What is the scientific name of this plant?";Eriogonum fasciculatum
"<img src=""https://inaturalist-open-data.s3.amazonaws.com/photos/153468/medium.jpg""><br>What is the scientific name of this plant?";Eriogonum nudum
"<img src=""https://inaturalist-open-data.s3.amazonaws.com/photos/6714451/medium.jpg""><br>What is the scientific name of this plant?";Eriogonum parvifolium
"<img src=""https://inaturalist-open-data.s3.amazonaws.com/photos/58619859/medium.jpeg""><br>What is the genus of this plant?";Eriogonum spp.
"<img src=""https://inaturalist-open-data.s3.amazonaws.com/photos/44551/medium.jpg""><br>What is the scientific name of this plant?";Eriogonum umbellatum
"<img src=""https://inaturalist-open-data.s3.amazonaws.com/photos/3593413/medium.jpg""><br>What is the scientific name of this plant?";Eriophyllum confertiflorum
"<img src=""https://inaturalist-open-data.s3.amazonaws.com/photos/81616886/medium.jpg""><br>What is the scientific name of this plant?";Eriophyllum lanatum
"<img src=""https://inaturalist-open-data.s3.amazonaws.com/photos/16860963/medium.jpg""><br>What is the scientific name of this plant?";Erodium botrys
"<img src=""https://inaturalist-open-data.s3.amazonaws.com/photos/3034061/medium.jpg""><br>What is the scientific name of this plant?";Erodium cicutarium
"<img src=""https://static.inaturalist.org/photos/45877152/medium.jpeg""><br>What is the genus of this plant?";Eryngium spp.
"<img src=""https://inaturalist-open-data.s3.amazonaws.com/photos/42162834/medium.jpg""><br>What is the scientific name of this plant?";Erysimum capitatum
"<img src=""https://static.inaturalist.org/photos/1242791/medium.""><br>What is the scientific name of this plant?";Erythranthe guttata
"<img src=""https://inaturalist-open-data.s3.amazonaws.com/photos/14234311/medium.jpg""><br>What is the genus of this plant?";Erythronium spp.
"<img src=""https://inaturalist-open-data.s3.amazonaws.com/photos/1233073/medium.""><br>What is the scientific name of this plant?";Eschscholzia californica
"<img src=""https://inaturalist-open-data.s3.amazonaws.com/photos/27390141/medium.jpeg""><br>What is the scientific name of this plant?";Eucalyptus camaldulensis
"<img src=""https://static.inaturalist.org/photos/30675602/medium.jpg""><br>What is the scientific name of this plant?";Eucalyptus globulus
"<img src=""https://inaturalist-open-data.s3.amazonaws.com/photos/57932018/medium.jpg""><br>What is the genus of this plant?";Euphorbia  spp.
"<img src=""https://inaturalist-open-data.s3.amazonaws.com/photos/27994139/medium.jpg""><br>What is the scientific name of this plant?";Euthamia occidentalis
"<img src=""https://static.inaturalist.org/photos/14268635/medium.jpg""><br>What is the scientific name of this plant?";Extriplex californica
"<img src=""https://inaturalist-open-data.s3.amazonaws.com/photos/29121494/medium.jpeg""><br>What is the scientific name of this plant?";Festuca arundinacea
"<img src=""https://inaturalist-open-data.s3.amazonaws.com/photos/17802550/medium.jpeg""><br>What is the scientific name of this plant?";Festuca californica
"<img src=""https://inaturalist-open-data.s3.amazonaws.com/photos/15394/medium.jpg""><br>What is the scientific name of this plant?";Festuca idahoensis
"<img src=""https://static.inaturalist.org/photos/130196588/medium.jpeg""><br>What is the scientific name of this plant?";Festuca rubra
"<img src=""https://inaturalist-open-data.s3.amazonaws.com/photos/3069933/medium.jpg""><br>What is the scientific name of this plant?";Ficus carica
"<img src=""https://static.inaturalist.org/photos/50868492/medium.jpg""><br>What is the scientific name of this plant?";Foeniculum vulgare
"<img src=""https://inaturalist-open-data.s3.amazonaws.com/photos/575277/medium.jpg""><br>What is the genus of this plant?";Frangula californica ssp. tomentella
"<img src=""https://inaturalist-open-data.s3.amazonaws.com/photos/173301430/medium.jpeg""><br>What is the scientific name of this plant?";Frankenia salina
"<img src=""https://inaturalist-open-data.s3.amazonaws.com/photos/41412/medium.jpg""><br>What is the scientific name of this plant?";Fraxinus dipetala
"<img src=""https://inaturalist-open-data.s3.amazonaws.com/photos/475505/medium.jpg""><br>What is the scientific name of this plant?";Fraxinus latifolia
"<img src=""https://inaturalist-open-data.s3.amazonaws.com/photos/19013/medium.jpg""><br>What is the scientific name of this plant?";Fremontodendron californicum
"<img src=""https://inaturalist-open-data.s3.amazonaws.com/photos/6272/medium.jpg""><br>What is the genus of this plant?";Fritillaria spp.
"<img src=""https://inaturalist-open-data.s3.amazonaws.com/photos/8246153/medium.jpeg""><br>What is the scientific name of this plant?";Galium andrewsii
"<img src=""https://inaturalist-open-data.s3.amazonaws.com/photos/113728457/medium.jpeg""><br>What is the scientific name of this plant?";Galium aparine
"<img src=""https://inaturalist-open-data.s3.amazonaws.com/photos/30968909/medium.jpg""><br>What is the genus of this plant?";Galium spp.
"<img src=""https://inaturalist-open-data.s3.amazonaws.com/photos/5384/medium.jpg""><br>What is the genus of this plant?";Garrya spp.
"<img src=""https://inaturalist-open-data.s3.amazonaws.com/photos/1142/medium.jpg""><br>What is the scientific name of this plant?";Gaultheria shallon
"<img src=""https://inaturalist-open-data.s3.amazonaws.com/photos/142678/medium.jpg""><br>What is the scientific name of this plant?";Gayophytum diffusum
"<img src=""https://inaturalist-open-data.s3.amazonaws.com/photos/61279626/medium.jpg""><br>What is the scientific name of this plant?";Genista monspessulana
"<img src=""https://inaturalist-open-data.s3.amazonaws.com/photos/62778360/medium.jpg""><br>What is the genus of this plant?";Gilia capitata ssp. abrotanifolia
"<img src=""https://static.inaturalist.org/photos/176947/medium.jpg""><br>What is the scientific name of this plant?";Gilia ochroleuca
"<img src=""https://inaturalist-open-data.s3.amazonaws.com/photos/2772/medium.jpg""><br>What is the scientific name of this plant?";Gilia tricolor
"<img src=""https://inaturalist-open-data.s3.amazonaws.com/photos/8082065/medium.jpg""><br>What is the scientific name of this plant?";Gnaphalium palustre
"<img src=""https://inaturalist-open-data.s3.amazonaws.com/photos/5386878/medium.jpg""><br>What is the scientific name of this plant?";Hazardia squarrosa
"<img src=""https://inaturalist-open-data.s3.amazonaws.com/photos/8874/medium.jpg""><br>What is the genus of this plant?";Hedera spp.
"<img src=""https://inaturalist-open-data.s3.amazonaws.com/photos/47216819/medium.jpg""><br>What is the scientific name of this plant?";Helenium bigelovii
"<img src=""https://static.inaturalist.org/photos/110131677/medium.jpg""><br>What is the scientific name of this plant?";Helianthus annuus
"<img src=""https://inaturalist-open-data.s3.amazonaws.com/photos/148921909/medium.jpg""><br>What is the scientific name of this plant?";Helminthotheca echioides
"<img src=""https://inaturalist-open-data.s3.amazonaws.com/photos/137558496/medium.jpg""><br>What is the scientific name of this plant?";Heracleum maximum
"<img src=""https://inaturalist-open-data.s3.amazonaws.com/photos/46984372/medium.jpg""><br>What is the genus of this plant?";Hesperocyparis spp.
"<img src=""https://inaturalist-open-data.s3.amazonaws.com/photos/122618669/medium.jpg""><br>What is the scientific name of this plant?";Hesperoyucca whipplei
"<img src=""https://inaturalist-open-data.s3.amazonaws.com/photos/5385189/medium.jpg""><br>What is the scientific name of this plant?";Heteromeles arbutifolia
"<img src=""https://inaturalist-open-data.s3.amazonaws.com/photos/185866/medium.jpg""><br>What is the scientific name of this plant?";Heterotheca grandiflora
"<img src=""https://inaturalist-open-data.s3.amazonaws.com/photos/139670860/medium.jpg""><br>What is the scientific name of this plant?";Heterotheca sessiliflora
"<img src=""https://inaturalist-open-data.s3.amazonaws.com/photos/3498/medium.jpg""><br>What is the scientific name of this plant?";Heuchera micrantha
"<img src=""https://inaturalist-open-data.s3.amazonaws.com/photos/3683818/medium.JPG""><br>What is the scientific name of this plant?";Hirschfeldia incana
"<img src=""https://inaturalist-open-data.s3.amazonaws.com/photos/1066940/medium.JPG""><br>What is the scientific name of this plant?";Holocarpha virgata
"<img src=""https://inaturalist-open-data.s3.amazonaws.com/photos/41885248/medium.jpg""><br>What is the scientific name of this plant?";Holodiscus discolor
"<img src=""https://inaturalist-open-data.s3.amazonaws.com/photos/40668895/medium.jpg""><br>What is the scientific name of this plant?";Hordeum marinum
"<img src=""https://inaturalist-open-data.s3.amazonaws.com/photos/42017246/medium.jpeg""><br>What is the scientific name of this plant?";Hordeum murinum
"<img src=""https://inaturalist-open-data.s3.amazonaws.com/photos/80103099/medium.jpg""><br>What is the scientific name of this plant?";Hypericum perforatum
"<img src=""https://inaturalist-open-data.s3.amazonaws.com/photos/46415397/medium.jpeg""><br>What is the scientific name of this plant?";Ipomopsis aggregata
"<img src=""https://inaturalist-open-data.s3.amazonaws.com/photos/7384130/medium.jpeg""><br>What is the scientific name of this plant?";Iris douglasiana
"<img src=""https://inaturalist-open-data.s3.amazonaws.com/photos/1705604/medium.JPG""><br>What is the scientific name of this plant?";Iris macrosiphon
"<img src=""https://inaturalist-open-data.s3.amazonaws.com/photos/1899110/medium.jpg""><br>What is the scientific name of this plant?";Iris missouriensis
"<img src=""https://inaturalist-open-data.s3.amazonaws.com/photos/930459/medium.jpg""><br>What is the scientific name of this plant?";Iris pseudacorus
"<img src=""https://inaturalist-open-data.s3.amazonaws.com/photos/109465090/medium.jpeg""><br>What is the scientific name of this plant?";Isocoma menziesii
"<img src=""https://inaturalist-open-data.s3.amazonaws.com/photos/7086/medium.jpg""><br>What is the scientific name of this plant?";Juglans californica
"<img src=""https://inaturalist-open-data.s3.amazonaws.com/photos/54524/medium.jpg""><br>What is the scientific name of this plant?";Juglans hindsii 
"<img src=""https://inaturalist-open-data.s3.amazonaws.com/photos/46339870/medium.jpg""><br>What is the scientific name of this plant?";Juncus balticus
"<img src=""https://inaturalist-open-data.s3.amazonaws.com/photos/62222498/medium.jpg""><br>What is the scientific name of this plant?";Juncus bufonius
"<img src=""https://static.inaturalist.org/photos/2121994/medium.jpg""><br>What is the scientific name of this plant?";Juncus mexicanus
"<img src=""https://static.inaturalist.org/photos/37682659/medium.jpeg""><br>What is the scientific name of this plant?";Juncus xiphioides
"<img src=""https://static.inaturalist.org/photos/390528/medium.jpg""><br>What is the scientific name of this plant?";Juniperus californica
"<img src=""https://inaturalist-open-data.s3.amazonaws.com/photos/8748376/medium.jpeg""><br>What is the scientific name of this plant?";Juniperus occidentalis
"<img src=""https://inaturalist-open-data.s3.amazonaws.com/photos/31044670/medium.jpeg""><br>What is the scientific name of this plant?";Kalmia polifolia
"<img src=""https://inaturalist-open-data.s3.amazonaws.com/photos/11454/medium.jpg""><br>What is the genus of this plant?";Keckiella spp.
"<img src=""https://inaturalist-open-data.s3.amazonaws.com/photos/119216855/medium.jpg""><br>What is the scientific name of this plant?";Koeleria macrantha
"<img src=""https://inaturalist-open-data.s3.amazonaws.com/photos/306258843/medium.jpg""><br>What is the scientific name of this plant?";Lactuca serriola
"<img src=""https://static.inaturalist.org/photos/1641643/medium.jpg""><br>What is the scientific name of this plant?";Lamarckia aurea
"<img src=""https://inaturalist-open-data.s3.amazonaws.com/photos/163141503/medium.jpg""><br>What is the scientific name of this plant?";Larrea tridentata
"<img src=""https://inaturalist-open-data.s3.amazonaws.com/photos/67134225/medium.jpeg""><br>What is the genus of this plant?";Lasthenia spp.
"<img src=""https://inaturalist-open-data.s3.amazonaws.com/photos/155822874/medium.jpeg""><br>What is the scientific name of this plant?";Lathyrus latifolius
"<img src=""https://inaturalist-open-data.s3.amazonaws.com/photos/174777/medium.jpg""><br>What is the scientific name of this plant?";Lathyrus sulphureus
"<img src=""https://inaturalist-open-data.s3.amazonaws.com/photos/2381/medium.jpg""><br>What is the scientific name of this plant?";Lathyrus vestitus
"<img src=""https://inaturalist-open-data.s3.amazonaws.com/photos/119405250/medium.jpg""><br>What is the scientific name of this plant?";Layia glandulosa
"<img src=""https://inaturalist-open-data.s3.amazonaws.com/photos/161153/medium.jpg""><br>What is the scientific name of this plant?";Lepidospartum squamatum
"<img src=""https://static.inaturalist.org/photos/37148429/medium.jpg""><br>What is the scientific name of this plant?";Leptosiphon aureus
"<img src=""https://static.inaturalist.org/photos/34493368/medium.jpeg""><br>What is the scientific name of this plant?";Leptosiphon parviflorus
"<img src=""https://inaturalist-open-data.s3.amazonaws.com/photos/143277/medium.jpg""><br>What is the scientific name of this plant?";Leptosyne bigelovii
"<img src=""https://inaturalist-open-data.s3.amazonaws.com/photos/13363/medium.jpg""><br>What is the scientific name of this plant?";Lilium humboldtii
"<img src=""https://inaturalist-open-data.s3.amazonaws.com/photos/11766/medium.jpg""><br>What is the scientific name of this plant?";Lilium pardalinum
"<img src=""https://inaturalist-open-data.s3.amazonaws.com/photos/29203/medium.jpg""><br>What is the scientific name of this plant?";Limnanthes alba
"<img src=""https://inaturalist-open-data.s3.amazonaws.com/photos/13142/medium.jpg""><br>What is the scientific name of this plant?";Linanthus pungens
"<img src=""https://static.inaturalist.org/photos/8275302/medium.jpg""><br>What is the scientific name of this plant?";Linaria dalmatica
"<img src=""https://static.inaturalist.org/photos/3607783/medium.jpg""><br>What is the scientific name of this plant?";Festuca perennis
"<img src=""https://inaturalist-open-data.s3.amazonaws.com/photos/112753585/medium.jpg""><br>What is the scientific name of this plant?";Lomatium dasycarpum
"<img src=""https://inaturalist-open-data.s3.amazonaws.com/photos/204752/medium.jpg""><br>What is the scientific name of this plant?";Lonicera interrupta
"<img src=""https://inaturalist-open-data.s3.amazonaws.com/photos/52126544/medium.jpeg""><br>What is the scientific name of this plant?";Lonicera involucrata
"<img src=""https://inaturalist-open-data.s3.amazonaws.com/photos/56253200/medium.jpeg""><br>What is the scientific name of this plant?";Lonicera subspicata
"<img src=""https://inaturalist-open-data.s3.amazonaws.com/photos/38137/medium.jpg""><br>What is the genus of this plant?";Lupinus spp.
"<img src=""https://inaturalist-open-data.s3.amazonaws.com/photos/60935732/medium.jpg""><br>What is the scientific name of this plant?";Lysimachia arvensis
"<img src=""https://static.inaturalist.org/photos/60095098/medium.jpeg""><br>What is the scientific name of this plant?";Lythrum hyssopifolia
"<img src=""https://static.inaturalist.org/photos/63744014/medium.jpeg""><br>What is the scientific name of this plant?";Lythrum salicaria
"<img src=""https://inaturalist-open-data.s3.amazonaws.com/photos/17596/medium.jpg""><br>What is the scientific name of this plant?";Madia elegans
"<img src=""https://static.inaturalist.org/photos/39168234/medium.jpg""><br>What is the scientific name of this plant?";Maianthemum racemosum
"<img src=""https://inaturalist-open-data.s3.amazonaws.com/photos/11777/medium.jpg""><br>What is the genus of this plant?";Malacothamnus spp.
"<img src=""https://inaturalist-open-data.s3.amazonaws.com/photos/257646122/medium.jpg""><br>What is the scientific name of this plant?";Malacothrix coulteri
"<img src=""https://inaturalist-open-data.s3.amazonaws.com/photos/37509/medium.jpg""><br>What is the scientific name of this plant?";Malacothrix saxatilis
"<img src=""https://inaturalist-open-data.s3.amazonaws.com/photos/2121812/medium.JPG""><br>What is the scientific name of this plant?";Malosma laurina
"<img src=""https://inaturalist-open-data.s3.amazonaws.com/photos/247015298/medium.jpeg""><br>What is the scientific name of this plant?";Malva parviflora
"<img src=""https://static.inaturalist.org/photos/7112770/medium.jpg""><br>What is the scientific name of this plant?";Marah fabacea
"<img src=""https://inaturalist-open-data.s3.amazonaws.com/photos/665395/medium.jpg""><br>What is the scientific name of this plant?";Marrubium vulgare
"<img src=""https://inaturalist-open-data.s3.amazonaws.com/photos/5241652/medium.jpg""><br>What is the scientific name of this plant?";Marsilea vestita
"<img src=""https://inaturalist-open-data.s3.amazonaws.com/photos/63400708/medium.jpeg""><br>What is the scientific name of this plant?";Matricaria discoidea
"<img src=""https://inaturalist-open-data.s3.amazonaws.com/photos/154103110/medium.jpg""><br>What is the scientific name of this plant?";Medicago polymorpha
"<img src=""https://inaturalist-open-data.s3.amazonaws.com/photos/316254/medium.jpg""><br>What is the scientific name of this plant?";Melica californica
"<img src=""https://inaturalist-open-data.s3.amazonaws.com/photos/345176/medium.jpg""><br>What is the scientific name of this plant?";Melica imperfecta
"<img src=""https://inaturalist-open-data.s3.amazonaws.com/photos/88013424/medium.jpg""><br>What is the scientific name of this plant?";Melilotus alba
"<img src=""https://static.inaturalist.org/photos/36781212/medium.jpg""><br>What is the scientific name of this plant?";Melilotus indica
"<img src=""https://inaturalist-open-data.s3.amazonaws.com/photos/177653/medium.jpg""><br>What is the scientific name of this plant?";Mentzelia laevicaulis
"<img src=""https://inaturalist-open-data.s3.amazonaws.com/photos/31465/medium.jpg""><br>What is the scientific name of this plant?";Mesembryanthemum nodiflorum
"<img src=""https://inaturalist-open-data.s3.amazonaws.com/photos/14107428/medium.jpg""><br>What is the scientific name of this plant?";Minuartia douglasii
"<img src=""https://inaturalist-open-data.s3.amazonaws.com/photos/16355/medium.jpg""><br>What is the genus of this plant?";Monardella spp.
"<img src=""https://inaturalist-open-data.s3.amazonaws.com/photos/16145/medium.jpg""><br>What is the scientific name of this plant?";Morella californica
"<img src=""https://inaturalist-open-data.s3.amazonaws.com/photos/135288827/medium.jpeg""><br>What is the scientific name of this plant?";Nasturtium officinale
"<img src=""https://static.inaturalist.org/photos/35314001/medium.jpg""><br>What is the scientific name of this plant?";Nemophila maculata
"<img src=""https://inaturalist-open-data.s3.amazonaws.com/photos/40638993/medium.jpg""><br>What is the scientific name of this plant?";Nemophila menziesii
"<img src=""https://inaturalist-open-data.s3.amazonaws.com/photos/167324799/medium.jpeg""><br>What is the scientific name of this plant?";Nicotiana glauca
"<img src=""https://inaturalist-open-data.s3.amazonaws.com/photos/6644/medium.jpg""><br>What is the scientific name of this plant?";Notholithocarpus densiflorus
"<img src=""https://inaturalist-open-data.s3.amazonaws.com/photos/5410/medium.jpg""><br>What is the scientific name of this plant?";Oemleria cerasiformis
"<img src=""https://inaturalist-open-data.s3.amazonaws.com/photos/177771265/medium.jpg""><br>What is the scientific name of this plant?";Opuntia basilaris
"<img src=""https://inaturalist-open-data.s3.amazonaws.com/photos/157442848/medium.jpg""><br>What is the scientific name of this plant?";Opuntia littoralis
"<img src=""https://inaturalist-open-data.s3.amazonaws.com/photos/7425242/medium.jpeg""><br>What is the scientific name of this plant?";Orobanche fasciculata
"<img src=""https://inaturalist-open-data.s3.amazonaws.com/photos/14632692/medium.jpeg""><br>What is the scientific name of this plant?";Oxalis oregana
"<img src=""https://inaturalist-open-data.s3.amazonaws.com/photos/5270/medium.jpg""><br>What is the scientific name of this plant?";Oxalis pes-caprae
"<img src=""https://inaturalist-open-data.s3.amazonaws.com/photos/1626985/medium.jpg""><br>What is the scientific name of this plant?";Pectocarya setosa
"<img src=""https://inaturalist-open-data.s3.amazonaws.com/photos/380675/medium.jpg""><br>What is the scientific name of this plant?";Pedicularis densiflora
"<img src=""https://inaturalist-open-data.s3.amazonaws.com/photos/5590882/medium.jpeg""><br>What is the scientific name of this plant?";Pellaea andromedifolia
"<img src=""https://static.inaturalist.org/photos/35701254/medium.jpg""><br>What is the scientific name of this plant?";Pellaea mucronata
"<img src=""https://inaturalist-open-data.s3.amazonaws.com/photos/6748173/medium.jpg""><br>What is the scientific name of this plant?";Pennisetum setaceum
"<img src=""https://static.inaturalist.org/photos/1946935/medium.jpg""><br>What is the scientific name of this plant?";Penstemon centranthifolius
"<img src=""https://inaturalist-open-data.s3.amazonaws.com/photos/130602283/medium.jpg""><br>What is the scientific name of this plant?";Penstemon heterophyllus
"<img src=""https://inaturalist-open-data.s3.amazonaws.com/photos/302400/medium.jpg""><br>What is the scientific name of this plant?";Pentagramma triangularis
"<img src=""https://inaturalist-open-data.s3.amazonaws.com/photos/13544465/medium.jpeg""><br>What is the scientific name of this plant?";Peritoma arborea
"<img src=""https://inaturalist-open-data.s3.amazonaws.com/photos/6476033/medium.jpeg""><br>What is the genus of this plant?";Phacelia spp.
"<img src=""https://inaturalist-open-data.s3.amazonaws.com/photos/22289/medium.jpg""><br>What is the genus of this plant?";Phoradendron leucarpum ssp. tomentosum
"<img src=""https://static.inaturalist.org/photos/1566386/medium.jpg""><br>What is the scientific name of this plant?";Pickeringia montana
"<img src=""https://inaturalist-open-data.s3.amazonaws.com/photos/62469120/medium.jpeg""><br>What is the scientific name of this plant?";Pinus attenuata
"<img src=""https://inaturalist-open-data.s3.amazonaws.com/photos/45880976/medium.jpeg""><br>What is the scientific name of this plant?";Pinus contorta
"<img src=""https://static.inaturalist.org/photos/82669783/medium.jpg""><br>What is the scientific name of this plant?";Pinus jeffreyi
"<img src=""https://inaturalist-open-data.s3.amazonaws.com/photos/19561/medium.jpg""><br>What is the scientific name of this plant?";Pinus lambertiana
"<img src=""https://inaturalist-open-data.s3.amazonaws.com/photos/12624/medium.jpg""><br>What is the scientific name of this plant?";Pinus monophylla
"<img src=""https://inaturalist-open-data.s3.amazonaws.com/photos/3790446/medium.JPG""><br>What is the scientific name of this plant?";Pinus ponderosa
"<img src=""https://static.inaturalist.org/photos/39486159/medium.jpeg""><br>What is the scientific name of this plant?";Pinus radiata
"<img src=""https://inaturalist-open-data.s3.amazonaws.com/photos/27054/medium.jpg""><br>What is the scientific name of this plant?";Pinus sabiniana
"<img src=""https://inaturalist-open-data.s3.amazonaws.com/photos/5272/medium.jpg""><br>What is the scientific name of this plant?";Plantago erecta
"<img src=""https://inaturalist-open-data.s3.amazonaws.com/photos/289213594/medium.jpg""><br>What is the scientific name of this plant?";Plantago lanceolata
"<img src=""https://inaturalist-open-data.s3.amazonaws.com/photos/85519437/medium.jpg""><br>What is the scientific name of this plant?";Plantago major
"<img src=""https://inaturalist-open-data.s3.amazonaws.com/photos/140548658/medium.jpg""><br>What is the scientific name of this plant?";Platanthera dilatata
"<img src=""https://inaturalist-open-data.s3.amazonaws.com/photos/38512081/medium.jpg""><br>What is the scientific name of this plant?";Platanus racemosa
"<img src=""https://inaturalist-open-data.s3.amazonaws.com/photos/3472/medium.jpg""><br>What is the scientific name of this plant?";Platystemon californicus
"<img src=""https://inaturalist-open-data.s3.amazonaws.com/photos/7036923/medium.jpg""><br>What is the scientific name of this plant?";Poa bulbosa
"<img src=""https://inaturalist-open-data.s3.amazonaws.com/photos/14390/medium.jpg""><br>What is the scientific name of this plant?";Poa pratensis
"<img src=""https://inaturalist-open-data.s3.amazonaws.com/photos/11822/medium.jpg""><br>What is the scientific name of this plant?";Poa secunda
"<img src=""https://inaturalist-open-data.s3.amazonaws.com/photos/37032708/medium.jpg""><br>What is the genus of this plant?";Pogogyne spp.
"<img src=""https://static.inaturalist.org/photos/8464032/medium.jpg""><br>What is the scientific name of this plant?";Polygala cornuta
"<img src=""https://inaturalist-open-data.s3.amazonaws.com/photos/1001976/medium.jpg""><br>What is the genus of this plant?";Polygonum aviculare ssp. depressum
"<img src=""https://inaturalist-open-data.s3.amazonaws.com/photos/2813823/medium.jpg""><br>What is the genus of this plant?";Polypodium spp.
"<img src=""https://inaturalist-open-data.s3.amazonaws.com/photos/115909148/medium.jpeg""><br>What is the scientific name of this plant?";Polypogon monspeliensis
"<img src=""https://inaturalist-open-data.s3.amazonaws.com/photos/887917/medium.jpeg""><br>What is the genus of this plant?";Polystichum spp.
"<img src=""https://static.inaturalist.org/photos/64301085/medium.jpg""><br>What is the scientific name of this plant?";Populus fremontii
"<img src=""https://inaturalist-open-data.s3.amazonaws.com/photos/26648317/medium.jpeg""><br>What is the scientific name of this plant?";Populus tremuloides
"<img src=""https://static.inaturalist.org/photos/19455945/medium.jpg""><br>What is the scientific name of this plant?";Populus trichocarpa
"<img src=""https://static.inaturalist.org/photos/156307616/medium.jpg""><br>What is the scientific name of this plant?";Portulaca oleracea
"<img src=""https://inaturalist-open-data.s3.amazonaws.com/photos/2120/medium.jpg""><br>What is the scientific name of this plant?";Primula hendersonii
"<img src=""https://inaturalist-open-data.s3.amazonaws.com/photos/26873628/medium.jpg""><br>What is the scientific name of this plant?";Primula jeffreyi
"<img src=""https://inaturalist-open-data.s3.amazonaws.com/photos/18334758/medium.jpeg""><br>What is the scientific name of this plant?";Prosopis glandulosa
"<img src=""https://inaturalist-open-data.s3.amazonaws.com/photos/65409387/medium.jpg""><br>What is the scientific name of this plant?";Prunella vulgaris
"<img src=""https://inaturalist-open-data.s3.amazonaws.com/photos/67338881/medium.jpg""><br>What is the scientific name of this plant?";Prunus emarginata
"<img src=""https://inaturalist-open-data.s3.amazonaws.com/photos/49953932/medium.jpg""><br>What is the scientific name of this plant?";Prunus ilicifolia
"<img src=""https://inaturalist-open-data.s3.amazonaws.com/photos/146282563/medium.jpg""><br>What is the scientific name of this plant?";Prunus virginiana
"<img src=""https://static.inaturalist.org/photos/1543173/medium.jpg""><br>What is the scientific name of this plant?";Pseudognaphalium bioletti
"<img src=""https://inaturalist-open-data.s3.amazonaws.com/photos/183610927/medium.jpeg""><br>What is the scientific name of this plant?";Pseudognaphalium californicum
"<img src=""https://inaturalist-open-data.s3.amazonaws.com/photos/603715/medium.jpg""><br>What is the scientific name of this plant?";Pseudognaphalium luteoalbum
"<img src=""https://inaturalist-open-data.s3.amazonaws.com/photos/111924890/medium.jpg""><br>What is the scientific name of this plant?";Pseudognaphalium microcephalum
"<img src=""https://inaturalist-open-data.s3.amazonaws.com/photos/6770717/medium.jpeg""><br>What is the scientific name of this plant?";Pseudognaphalium stramineum
"<img src=""https://inaturalist-open-data.s3.amazonaws.com/photos/140217013/medium.jpg""><br>What is the scientific name of this plant?";Pseudotsuga menziesii
"<img src=""https://inaturalist-open-data.s3.amazonaws.com/photos/134655639/medium.jpg""><br>What is the scientific name of this plant?";Psorothamnus spinosus
"<img src=""https://inaturalist-open-data.s3.amazonaws.com/photos/149174235/medium.jpeg""><br>What is the scientific name of this plant?";Pteridium aquilinum
"<img src=""https://inaturalist-open-data.s3.amazonaws.com/photos/424555/medium.JPG""><br>What is the scientific name of this plant?";Pterospora andromedea
"<img src=""https://inaturalist-open-data.s3.amazonaws.com/photos/133190825/medium.jpeg""><br>What is the scientific name of this plant?";Purshia tridentata
"<img src=""https://inaturalist-open-data.s3.amazonaws.com/photos/18734105/medium.jpg""><br>What is the scientific name of this plant?";Quercus agrifolia
"<img src=""https://inaturalist-open-data.s3.amazonaws.com/photos/52555852/medium.jpg""><br>What is the scientific name of this plant?";Quercus berberidifolia
"<img src=""https://static.inaturalist.org/photos/2351062/medium.jpg""><br>What is the scientific name of this plant?";Quercus chrysolepis
"<img src=""https://static.inaturalist.org/photos/6460144/medium.jpg""><br>What is the scientific name of this plant?";Quercus douglasii
"<img src=""https://inaturalist-open-data.s3.amazonaws.com/photos/1018289/medium.jpg""><br>What is the scientific name of this plant?";Quercus garryana
"<img src=""https://static.inaturalist.org/photos/37515155/medium.jpg""><br>What is the scientific name of this plant?";Quercus john-tuckeri
"<img src=""https://inaturalist-open-data.s3.amazonaws.com/photos/2038/medium.jpg""><br>What is the scientific name of this plant?";Quercus kelloggii
"<img src=""https://inaturalist-open-data.s3.amazonaws.com/photos/149586607/medium.jpg""><br>What is the scientific name of this plant?";Quercus lobata
"<img src=""https://static.inaturalist.org/photos/153061/medium.jpg""><br>What is the scientific name of this plant?";Quercus vaccinifolia
"<img src=""https://inaturalist-open-data.s3.amazonaws.com/photos/22847535/medium.jpeg""><br>What is the scientific name of this plant?";Quercus wislizeni
"<img src=""https://inaturalist-open-data.s3.amazonaws.com/photos/5277/medium.jpg""><br>What is the scientific name of this plant?";Rafinesquia californica
"<img src=""https://inaturalist-open-data.s3.amazonaws.com/photos/827612/medium.jpg""><br>What is the scientific name of this plant?";Ranunculus occidentalis
"<img src=""https://inaturalist-open-data.s3.amazonaws.com/photos/62230931/medium.jpeg""><br>What is the scientific name of this plant?";Raphanus sativus
"<img src=""https://inaturalist-open-data.s3.amazonaws.com/photos/735023/medium.jpg""><br>What is the scientific name of this plant?";Rhamnus crocea
"<img src=""https://inaturalist-open-data.s3.amazonaws.com/photos/735023/medium.jpg""><br>What is the scientific name of this plant?";Rhamnus ilicifolia
"<img src=""https://inaturalist-open-data.s3.amazonaws.com/photos/3832710/medium.JPG""><br>What is the scientific name of this plant?";Rhododendron columbianum
"<img src=""https://static.inaturalist.org/photos/2012349/medium.jpg""><br>What is the scientific name of this plant?";Rhododendron macrophyllum
"<img src=""https://inaturalist-open-data.s3.amazonaws.com/photos/14523/medium.jpg""><br>What is the scientific name of this plant?";Rhododendron occidentale
"<img src=""https://inaturalist-open-data.s3.amazonaws.com/photos/14516370/medium.jpeg""><br>What is the scientific name of this plant?";Rhus integrifolia
"<img src=""https://inaturalist-open-data.s3.amazonaws.com/photos/163767099/medium.jpg""><br>What is the scientific name of this plant?";Ribes aureum
"<img src=""https://inaturalist-open-data.s3.amazonaws.com/photos/42361813/medium.jpeg""><br>What is the scientific name of this plant?";Ribes cereum
"<img src=""https://inaturalist-open-data.s3.amazonaws.com/photos/250668816/medium.jpeg""><br>What is the scientific name of this plant?";Ribes malvaceum
"<img src=""https://inaturalist-open-data.s3.amazonaws.com/photos/174784/medium.jpg""><br>What is the scientific name of this plant?";Ribes nevadense
"<img src=""https://inaturalist-open-data.s3.amazonaws.com/photos/9289/medium.jpg""><br>What is the scientific name of this plant?";Ribes roezlii
"<img src=""https://static.inaturalist.org/photos/61079958/medium.jpeg""><br>What is the scientific name of this plant?";Ricinus communis
"<img src=""https://inaturalist-open-data.s3.amazonaws.com/photos/257842284/medium.jpeg""><br>What is the scientific name of this plant?";Robinia pseudoacacia
"<img src=""https://inaturalist-open-data.s3.amazonaws.com/photos/42757060/medium.jpg""><br>What is the scientific name of this plant?";Rosa californica
"<img src=""https://inaturalist-open-data.s3.amazonaws.com/photos/26171161/medium.jpeg""><br>What is the scientific name of this plant?";Rosa gymnocarpa
"<img src=""https://inaturalist-open-data.s3.amazonaws.com/photos/16312416/medium.jpg""><br>What is the scientific name of this plant?";Rubus armeniacus
"<img src=""https://inaturalist-open-data.s3.amazonaws.com/photos/86340183/medium.jpg""><br>What is the scientific name of this plant?";Rubus parviflorus
"<img src=""https://inaturalist-open-data.s3.amazonaws.com/photos/133515800/medium.jpg""><br>What is the scientific name of this plant?";Rubus spectabilis
"<img src=""https://inaturalist-open-data.s3.amazonaws.com/photos/124445245/medium.jpg""><br>What is the scientific name of this plant?";Rubus ursinus
"<img src=""https://inaturalist-open-data.s3.amazonaws.com/photos/177768765/medium.jpg""><br>What is the scientific name of this plant?";Rumex acetosella
"<img src=""https://static.inaturalist.org/photos/40325819/medium.jpg""><br>What is the scientific name of this plant?";Rumex crispus
"<img src=""https://inaturalist-open-data.s3.amazonaws.com/photos/79451981/medium.jpeg""><br>What is the genus of this plant?";Salix spp.
"<img src=""https://inaturalist-open-data.s3.amazonaws.com/photos/80879815/medium.jpg""><br>What is the scientific name of this plant?";Salsola tragus
"<img src=""https://inaturalist-open-data.s3.amazonaws.com/photos/44292418/medium.jpg""><br>What is the scientific name of this plant?";Saltugilia splendens
"<img src=""https://static.inaturalist.org/photos/557242/medium.jpg""><br>What is the scientific name of this plant?";Salvia apiana
"<img src=""https://static.inaturalist.org/photos/177009/medium.jpg""><br>What is the scientific name of this plant?";Salvia columbariae
"<img src=""https://inaturalist-open-data.s3.amazonaws.com/photos/31346/medium.jpg""><br>What is the scientific name of this plant?";Salvia leucophylla
"<img src=""https://inaturalist-open-data.s3.amazonaws.com/photos/3188238/medium.JPG""><br>What is the scientific name of this plant?";Salvia mellifera
"<img src=""https://inaturalist-open-data.s3.amazonaws.com/photos/118005635/medium.jpeg""><br>What is the scientific name of this plant?";Salvia sonomensis
"<img src=""https://inaturalist-open-data.s3.amazonaws.com/photos/46738687/medium.jpg""><br>What is the genus of this plant?";Sambucus nigra ssp. caerulea
"<img src=""https://inaturalist-open-data.s3.amazonaws.com/photos/12475/medium.jpg""><br>What is the scientific name of this plant?";Sambucus racemosa
"<img src=""https://inaturalist-open-data.s3.amazonaws.com/photos/6410508/medium.jpg""><br>What is the scientific name of this plant?";Sanicula arguta
"<img src=""https://inaturalist-open-data.s3.amazonaws.com/photos/11613/medium.jpg""><br>What is the scientific name of this plant?";Sanicula bipinnatifida
"<img src=""https://inaturalist-open-data.s3.amazonaws.com/photos/112285589/medium.jpeg""><br>What is the scientific name of this plant?";Sanicula crassicaulis
"<img src=""https://inaturalist-open-data.s3.amazonaws.com/photos/121015946/medium.jpg""><br>What is the scientific name of this plant?";Schinus molle
"<img src=""https://inaturalist-open-data.s3.amazonaws.com/photos/57240422/medium.jpg""><br>What is the scientific name of this plant?";Schinus terebinthifolius
"<img src=""https://inaturalist-open-data.s3.amazonaws.com/photos/21098704/medium.jpg""><br>What is the scientific name of this plant?";Schoenoplectus americanus
"<img src=""https://inaturalist-open-data.s3.amazonaws.com/photos/43575323/medium.jpeg""><br>What is the scientific name of this plant?";Scrophularia californica
"<img src=""https://inaturalist-open-data.s3.amazonaws.com/photos/285028783/medium.jpg""><br>What is the scientific name of this plant?";Sedum spathulifolium
"<img src=""https://inaturalist-open-data.s3.amazonaws.com/photos/1805782/medium.jpg""><br>What is the scientific name of this plant?";Senecio aronicoides
"<img src=""https://static.inaturalist.org/photos/179599/medium.jpg""><br>What is the genus of this plant?";Senecio flaccidus var. douglasii
"<img src=""https://inaturalist-open-data.s3.amazonaws.com/photos/48129210/medium.jpg""><br>What is the scientific name of this plant?";Senecio triangularis
"<img src=""https://inaturalist-open-data.s3.amazonaws.com/photos/67415508/medium.jpg""><br>What is the scientific name of this plant?";Senecio vulgaris *
"<img src=""https://static.inaturalist.org/photos/75134640/medium.jpg""><br>What is the scientific name of this plant?";Senegalia greggii
"<img src=""https://static.inaturalist.org/photos/119771254/medium.jpg""><br>What is the scientific name of this plant?";Sequoiadendron giganteum
"<img src=""https://static.inaturalist.org/photos/61295436/medium.jpeg""><br>What is the scientific name of this plant?";Sequoia sempervirens
"<img src=""https://inaturalist-open-data.s3.amazonaws.com/photos/7333/medium.jpg""><br>What is the genus of this plant?";Sidalcea spp.
"<img src=""https://static.inaturalist.org/photos/25136155/medium.jpeg""><br>What is the scientific name of this plant?";Silene gallica
"<img src=""https://inaturalist-open-data.s3.amazonaws.com/photos/17675043/medium.jpg""><br>What is the scientific name of this plant?";Silene laciniata
"<img src=""https://static.inaturalist.org/photos/6078409/medium.jpeg""><br>What is the scientific name of this plant?";Silybum marianum
"<img src=""https://inaturalist-open-data.s3.amazonaws.com/photos/114782801/medium.jpg""><br>What is the scientific name of this plant?";Sisymbrium orientale
"<img src=""https://inaturalist-open-data.s3.amazonaws.com/photos/3188172/medium.JPG""><br>What is the scientific name of this plant?";Sisyrinchium bellum
"<img src=""https://inaturalist-open-data.s3.amazonaws.com/photos/243074186/medium.jpg""><br>What is the scientific name of this plant?";Solanum douglasii
"<img src=""https://inaturalist-open-data.s3.amazonaws.com/photos/244620628/medium.jpg""><br>What is the scientific name of this plant?";Solanum elaeagnifolium
"<img src=""https://inaturalist-open-data.s3.amazonaws.com/photos/39223/medium.jpg""><br>What is the scientific name of this plant?";Solanum xanti
"<img src=""https://inaturalist-open-data.s3.amazonaws.com/photos/62731283/medium.jpeg""><br>What is the scientific name of this plant?";Sonchus asper
"<img src=""https://static.inaturalist.org/photos/28460419/medium.jpeg""><br>What is the scientific name of this plant?";Sonchus oleraceus
"<img src=""https://static.inaturalist.org/photos/79942240/medium.jpeg""><br>What is the scientific name of this plant?";Spartium junceum
"<img src=""https://inaturalist-open-data.s3.amazonaws.com/photos/45199648/medium.jpeg""><br>What is the genus of this plant?";Stachys spp.
"<img src=""https://inaturalist-open-data.s3.amazonaws.com/photos/7036454/medium.jpeg""><br>What is the scientific name of this plant?";Stanleya pinnata
"<img src=""https://inaturalist-open-data.s3.amazonaws.com/photos/11679/medium.jpg""><br>What is the scientific name of this plant?";Stephanomeria virgata
"<img src=""https://inaturalist-open-data.s3.amazonaws.com/photos/50397/medium.jpg""><br>What is the scientific name of this plant?";Stipa hymenoides
"<img src=""https://inaturalist-open-data.s3.amazonaws.com/photos/68985268/medium.jpg""><br>What is the scientific name of this plant?";Stipa miliacea
"<img src=""https://inaturalist-open-data.s3.amazonaws.com/photos/3610426/medium.jpg""><br>What is the scientific name of this plant?";Stipa pulchra
"<img src=""https://inaturalist-open-data.s3.amazonaws.com/photos/84381975/medium.jpeg""><br>What is the scientific name of this plant?";Streptanthus tortuosus
"<img src=""https://inaturalist-open-data.s3.amazonaws.com/photos/29025118/medium.jpeg""><br>What is the scientific name of this plant?";Suaeda nigra
"<img src=""https://static.inaturalist.org/photos/5791562/medium.jpg""><br>What is the scientific name of this plant?";Suaeda taxifolia
"<img src=""https://inaturalist-open-data.s3.amazonaws.com/photos/31521/medium.jpg""><br>What is the genus of this plant?";Tamarix spp.
"<img src=""https://inaturalist-open-data.s3.amazonaws.com/photos/15407/medium.jpg""><br>What is the genus of this plant?";Tauschia spp.
"<img src=""https://inaturalist-open-data.s3.amazonaws.com/photos/99338130/medium.jpeg""><br>What is the scientific name of this plant?";Taxus brevifolia
"<img src=""https://static.inaturalist.org/photos/1757247/medium.JPG""><br>What is the scientific name of this plant?";Thermopsis californica
"<img src=""https://inaturalist-open-data.s3.amazonaws.com/photos/13050/medium.jpg""><br>What is the genus of this plant?";Thysanocarpus spp.
"<img src=""https://inaturalist-open-data.s3.amazonaws.com/photos/11617/medium.jpg""><br>What is the scientific name of this plant?";Torilis arvensis
"<img src=""https://static.inaturalist.org/photos/14897857/medium.jpeg""><br>What is the scientific name of this plant?";Toxicodendron diversilobum
"<img src=""https://static.inaturalist.org/photos/82264/medium.jpg""><br>What is the scientific name of this plant?";Toxicoscordion fremontii
"<img src=""https://inaturalist-open-data.s3.amazonaws.com/photos/28251532/medium.jpg""><br>What is the scientific name of this plant?";Tribulus terrestris
"<img src=""https://static.inaturalist.org/photos/18128933/medium.jpg""><br>What is the scientific name of this plant?";Trichostema lanatum
"<img src=""https://inaturalist-open-data.s3.amazonaws.com/photos/45800482/medium.jpg""><br>What is the genus of this plant?";Trifolium spp.
"<img src=""https://inaturalist-open-data.s3.amazonaws.com/photos/2809/medium.jpg""><br>What is the scientific name of this plant?";Triphysaria eriantha
"<img src=""https://inaturalist-open-data.s3.amazonaws.com/photos/11771/medium.jpg""><br>What is the scientific name of this plant?";Triteleia hyacinthina
"<img src=""https://inaturalist-open-data.s3.amazonaws.com/photos/60796/medium.jpg""><br>What is the scientific name of this plant?";Triteleia laxa
"<img src=""https://inaturalist-open-data.s3.amazonaws.com/photos/104023449/medium.jpg""><br>What is the scientific name of this plant?";Tsuga mertensiana
"<img src=""https://inaturalist-open-data.s3.amazonaws.com/photos/54589881/medium.jpg""><br>What is the genus of this plant?";Typha spp.
"<img src=""https://inaturalist-open-data.s3.amazonaws.com/photos/3066372/medium.jpg""><br>What is the scientific name of this plant?";Umbellularia californica
"<img src=""https://inaturalist-open-data.s3.amazonaws.com/photos/7015916/medium.jpeg""><br>What is the scientific name of this plant?";Uropappus lindleyi
"<img src=""https://static.inaturalist.org/photos/9442513/medium.jpg""><br>What is the genus of this plant?";Urtica dioica ssp. holosericea
"<img src=""https://inaturalist-open-data.s3.amazonaws.com/photos/4845/medium.jpg""><br>What is the scientific name of this plant?";Vaccinium ovatum
"<img src=""https://static.inaturalist.org/photos/4855055/medium.jpg""><br>What is the scientific name of this plant?";Vaccinium parvifolium
"<img src=""https://static.inaturalist.org/photos/96971645/medium.jpg""><br>What is the scientific name of this plant?";Veratrum californicum
"<img src=""https://static.inaturalist.org/photos/44885369/medium.jpg""><br>What is the scientific name of this plant?";Verbascum thapsus
"<img src=""https://inaturalist-open-data.s3.amazonaws.com/photos/5355/medium.jpg""><br>What is the scientific name of this plant?";Verbena lasiostachys
"<img src=""https://static.inaturalist.org/photos/32382660/medium.jpg""><br>What is the scientific name of this plant?";Veronica anagallis-aquatica
"<img src=""https://inaturalist-open-data.s3.amazonaws.com/photos/3264765/medium.JPG""><br>What is the genus of this plant?";Veronica peregrina ssp. xalapensis
"<img src=""https://inaturalist-open-data.s3.amazonaws.com/photos/235019995/medium.jpeg""><br>What is the scientific name of this plant?";Vicia sativa
"<img src=""https://inaturalist-open-data.s3.amazonaws.com/photos/14802341/medium.jpg""><br>What is the scientific name of this plant?";Vicia villosa
"<img src=""https://inaturalist-open-data.s3.amazonaws.com/photos/117416253/medium.jpg""><br>What is the scientific name of this plant?";Viola purpurea
"<img src=""https://inaturalist-open-data.s3.amazonaws.com/photos/60322652/medium.jpg""><br>What is the scientific name of this plant?";Vitis californica
"<img src=""https://inaturalist-open-data.s3.amazonaws.com/photos/41600338/medium.jpeg""><br>What is the genus of this plant?";Festuca spp.
"<img src=""https://inaturalist-open-data.s3.amazonaws.com/photos/249270666/medium.jpeg""><br>What is the scientific name of this plant?";Washingtonia robusta
"<img src=""https://inaturalist-open-data.s3.amazonaws.com/photos/30798531/medium.jpg""><br>What is the scientific name of this plant?";Woodwardia fimbriata
"<img src=""https://inaturalist-open-data.s3.amazonaws.com/photos/13836/medium.jpg""><br>What is the genus of this plant?";Wyethia spp.
"<img src=""https://inaturalist-open-data.s3.amazonaws.com/photos/12627/medium.jpg""><br>What is the genus of this plant?";Xanthium spp.
"<img src=""https://static.inaturalist.org/photos/262955271/medium.jpg""><br>What is the scientific name of this plant?";Yucca brevifolia
